A Great Bingo Caller!	Un excellent animateur de bingo !
A fully featured camera software allows you to take pictures or selfies within the app	Un appareil photo complet vous permet de prendre des photos ou des selfies.
Acajou Studio	Acajou Studio
Acajou.Studio	Acajou.Studio
AirPlay Support	Support AirPlay
All parts of Call-Me-Bingo supports 75-balls and 90-balls bingo, from displaying results, validating cards and scanning cards.	Tous les composants de Call-Me-Bingo prennent en charge le bingo à 75 et à 90 boules, qu'il s'agisse de l'affichage des résultats, de la validation des cartons ou de la numérisation des cartons.
Allows to lock access to the photos by using a custom PIN or FaceID	Permet de vérouiller l'accès à vos photo avec un NIP ou FaceID
Automated Bingo draws and calls, everyone can participate.	Tirages et annonces de bingo automatisés, tout le monde peut participer.
Automatic Card Scanning	Numérisation automatique des cartes
Automatic Draw	Tirages Automatiques
Because Private Photo works offline and does not collect information, you are in full control of your data and usage. Nothing you do within the app leaves your device.	Private Photo fonctionne hors ligne et ne collecte aucune information, vous gardez le contrôle total de vos données et de votre utilisation. Rien de ce que vous faites dans l’application ne quitte votre appareil.
Bingo Draw Modes	Types de Tirages
Browse and Organize Photos	Voir et organiser les photos
Call Me Bingo	Call Me Bingo
Card Validation	Validation de Carte
Changes to This Policy	Changement à la politique
Check winning cards instantly by scanning or entering them	Vérifiez instantanément les cartes gagnantes en les scannant ou en les saisissant
Configurable Draw	Tirage Configurable
Configurable Draws	Tirages Configurables
Contact Us	Nous Contacter
Create your own Winning patterns!	Créez vos propres motifs gagnants!
Creating a custom pattern in 75-balls mode	Création d’un motif gagnant pour un bingo à 75 boules
Do not mind the nightmares.	
Draw the next ball randomly, on a timer, or manually	Tirez la prochaine boule au hasard, à intervalles réguliers ou manuellement
Effective Date: 2026-04-11	Date: 2026-04-11
Enjoy built-in voice calling with adjustable speed	Profitez de l’annonce vocale intégrée avec vitesse réglable
Extensive Customizability	Paramètres Extensifs
Français	English
Full Screen AirPlay view	Plein Écran via AirPlay
Full Screen Airplay view without winning pattern.	Plein Écran sans Motifs Gagnants via AirPlay
Home	Accueil
If in the future we add new features that require data usage, we will update this Privacy Policy accordingly and notify users.	Dans l'éventualité où de nouvelles fonctionnalités nécessiteraient l'utilisation de données, nous actualiserons cette politique de confidentialité et en aviserons les utilisateurs.
If you have any questions or concerns about this Privacy Policy, you can contact us at:  support@acajou.studio	Pour toute question ou remarque concernant cette politique de confidentialité, contactez-nous à : support@acajou.studio
In-App Gallery shows all of the photos taken from within the app	La galerie intégrée affiche toutes les photos prises depuis l'application.
Intro Screen (Light Mode)	Introduction (Mode Clair)
Introduction Screen (Dark Mode)	Introduction (Mode Sombre)
Keep Your Main Photo Album Curated	Garder votre librairie de photo soigneusement maintenue
Keep these photos out of your main library with Private Photo! Any picture you take within Private Photo	Garder ces photos hors de votre librairie principale avec Private photo! Tous les clichés pris avec Private Photos
Keep your Photos Private	Garder vos photo privés
Main Display	Affichage principal
Manual Draw	Tirage Manuel
No Data Collection	Aucune Collection de donn/es
No Internet Usage:	Aucun Usage de la connection Internet
No Personal Information:	Aucune Information Personnelle
No Third-Party Services:	Aucun tiers
No subscription.	Aucun abonnement.
Our Apps & Games	Nos Jeux et Applications
Policy	Politique
Pre-Lune	Pre-Lune
Prelune	
Privacy Policy - Private Photo	Politique de Confidentialité - Private Photo
Privacy Policy for Private Photo	Politique de Confidentialité pour Private Photo
Privacy Statement	Déclaration de confidentialité
Private Photo	Private Photo
Private Photo does not collect, store, or share any personal data.	Private Photo ne collecte, n'enregistre, ni ne partage aucune donnée personnelle.
Private Photo does not integrate with analytics providers, advertising networks, or other third-party services.	Private Photo  n'intègre aucun service d'analyse (analytics), réseau publicitaire ou autre service tiers.
Private Photo is completely offline and does not collect, store, or share any personal data. Everything you do stays on your device, and no information is sent over the internet.	Private photo fonctionne complètement hors-ligne. Toutes vos informations reste sur votre appareil et rien n'est envoyé via Internet.
Project a view of the draws on a big screen via AirPlay	Projetez l’affichage des tirages sur grand écran via AirPlay
Result from each draw is red outloud. You have the choice to repeat, read each-letter and digit separately, alter the speed of the reading or shut it off completely.	Le résultat de chaque tirage est lu à voix haute. Vous avez la possibilité de répéter la lecture, de lire chaque lettre et chaque chiffre séparément, de modifier la vitesse de lecture ou de la désactiver complètement.
Running a Bingo but don't have any volonteer for reading the numbers?	Vous voulez jouer au Bingo mais il n'y a pas de volontaire pour tirer les boules?
Screenshots Gallery	Galerie de captures d'écran
Selectable Color themes	Thèmes de couleurs sélectionnables
Selecting Winning Pattern 75-balls mode	Sélection de la combinaison gagnante – Mode 75 boules
Selecting Winning Pattern 90-balls mode	Sélection de la combinaison gagnante – Mode Loto à 90 boules
Show the results of the draws on the Big Screen with Airplay Screen sharing! You have the option to display the winning pattern on the screen or just the draws and picked numbers.	Affichez les résultats des tirages sur grand écran grâce au partage d'écran AirPlay ! Vous avez le choix d'afficher la figure gagnante ou simplement les tirages et les numéros sortis.
Spoken Results	Énonciation Des Résultats
Summary	Résumé
Supports both 75 balls US-style and 90 balls UK-style Bingo	Prend en charge le bingo à 75 boules et à 90 boules (Loto).
Take Pictures	Prendre des Photos
The app does not require an internet connection and does not transmit any information online.	L'application n'a nul besoin d'une connection internet et ne transmet aucune information en ligne.
Tired of whimsically scrolling through your vacations photos only to stumble on that picture of a mole you sent	Vous en avez assez de regarder de tomber sur la photo d'un grain de beauté envoyée à votre médecin la semaine dernière alors que vous regardiez vos photos de vacances? 
To display on the big screen, or just to validate the winning card, you can create your own winning patterns or select from a list of the most common.	Vous pouvez créer vos propres combinaisons gagnantes ou en choisir une parmi une liste des plus courantes.
To validate that a card has won you can manually enter the numnbers in the app or use the camera-based scanner to try and scan the card directly in a few seconds!	Pour vérifier si une carte est gagnante, vous pouvez saisir manuellement les numéros dans l'application ou utiliser le scanner intégré pour tenter de la numériser directement en quelques secondes !
Try Call-Me-Bingo! It draws and reads the results for you so that everyone can play!	Essayez Call-Me-Bingo! Il pige est li les résultats à votre place pour que tout le monde puisse jouer!
UK-style 90 balls support	Bingo de Style Britannique (90 boules)
US and UK-style Bingo	Style Bingo Classique et Loto
US or UK style Bingo	Bingo Classique ou Loto
US-style 75 balls support	Prise en charge du format à 75 boules
Voice Settings	Paramètre de lecture
We designed this application to operate entirely offline and to respect your personal information.	Cette application est opère de façon complètement déconneté et respecte vos informations personnelles.
Welcome to this world, Specimen C002.	
Winning Pattern Editor	Éditeur de motifs gagnants
You can configure the draws to be manual (you manuall select the ball that was drawn), automatic (randomly pick the balls for you one at a time) or timer-based (randomly picks at a specified time interval)	Vous pouvez configurer les tirages pour qu'ils soient manuels (vous sélectionnez manuellement la boule tirée), automatiques (les boules sont tirées au sort une par une) ou basés sur une minuterie (tirage aléatoire à intervalles réguliers).
Your Control	Votre Control
Your goal is to fend off the hostile alien invasion from every corner of the Alpha Quadrant.	
stays in the app and doesn't show in your main camera roll or photo library.	restent dans l'application et n'apparaissent pas dans votre dans votre pellicule ou votre galerie de photos principale.
your doctor?	votre médecin?
© Acajou Studio	© Acajou Studio
— For the Duke.	
⌂	⌂
"href=""/fr/private-photo"""	"href=""/private-photo"""
"href=""/fr/call-me-bingo/support"""	"href=""/call-me-bingo/support"""
"href=""/fr"""	"href=""/"""
"href=""/fr/call-me-bingo"""	"href=""/call-me-bingo"""
